Workbook

Sheet 📖 Instrucciones
A1: MATRIZ DE TRAZABILIDAD DE REQUISITOS
A2: Plantilla estándar para proyectos de desarrollo de software · Versión 1.0
A4: ¿QUÉ ES ESTA PLANTILLA?
A5: Esta plantilla permite rastrear cada necesidad de negocio a través de todo el ciclo de vida del software: desde el requisito que la documenta, hasta los casos de prueba que la verifican y el código que la implementa. Cuando un requisito cambia, la matriz muestra de inmediato qué otros artefactos deben actualizarse, evitando el scope creep silencioso y las regresiones no detectadas.
A9: ESTRUCTURA DE LA PLANTILLA
A10: 📋 Matriz principal | C10: Hoja central. Cada fila es un requisito. Registra origen, especificación, pruebas, estado y RFC asociada.
A11: 🔗 Trazabilidad visual | C11: Vista cruzada (requisitos × artefactos). Un ✓ en cada celda indica que el artefacto cubre ese requisito.
A12: 📊 Resumen y métricas | C12: Dashboard automático: % de cobertura, requisitos sin prueba, cambios pendientes y semáforo de salud.
A13: 📝 Registro de RFCs | C13: Historial de todas las Solicitudes de Cambio procesadas, con estado y artefactos impactados.
A14: 🗂️ Catálogo de artefactos | C14: Inventario de todos los documentos, módulos de código y casos de prueba referenciados en la matriz.
A16: GUÍA DE COLORES Y ESTADOS
A17: Activo / Aprobado / Completado | D17: El requisito o artefacto está en uso y verificado.
A18: En desarrollo / Pendiente de revisión | D18: Trabajo en curso. Requiere seguimiento.
A19: Rechazado / Bloqueado / Sin cobertura | D19: Requiere acción inmediata. No puede cerrarse el ciclo.
A20: Propuesto / En análisis | D20: RFC o requisito recién ingresado, aún no evaluado.
A21: Aplazado / En espera de decisión | D21: El CCB ha pospuesto la decisión a una iteración futura.
A22: Archivado / Fuera de alcance | D22: No aplica al sprint actual. Conservado por trazabilidad histórica.
A24: FLUJO DE TRABAJO RECOMENDADO
A25: 1. Al iniciar el proyecto, registra todas las necesidades de negocio en la columna 'ID Necesidad' de la Matriz principal.
A26: 2. Para cada necesidad, crea al menos un requisito en la hoja Matriz principal. Completa todas las columnas.
A27: 3. A medida que avanza el desarrollo, actualiza 'ID Código', 'ID Caso de prueba' y 'Resultado prueba'.
A28: 4. Cuando llegue una RFC, regístrala en la hoja 'Registro de RFCs' y actualiza las filas afectadas en la Matriz principal.
A29: 5. Usa la hoja 'Trazabilidad visual' para detectar requisitos sin cobertura (celdas vacías en columnas de artefactos).
A30: 6. Revisa el 'Resumen y métricas' antes de cada reunión del CCB o revisión de sprint.
A31: 7. Al cerrar el proyecto, archiva la matriz completa junto con el SRS y el informe de lecciones aprendidas.
A33: Adaptación realizada
A34: Esta versión está diligenciada para el caso Dietas al Día usando EPC 28 y los criterios CA1–CA4 suministrados. No se inventan casos de prueba ni resultados de ejecución.

Sheet 📋 Matriz principal
A1: MATRIZ DE TRAZABILIDAD DE REQUISITOS — Dietas al Día
A2: IDENTIFICACIÓN | D2: ORIGEN | G2: ESPECIFICACIÓN | I2: IMPLEMENTACIÓN | L2: VERIFICACIÓN | O2: ESTADO Y CAMBIOS
A3: ID Requisito | B3: Título del requisito | C3: Tipo | D3: ID Necesidad de negocio | E3: Stakeholder solicitante | F3: Prioridad (MoSCoW) | G3: Versión SRS | H3: Criterios de aceptación (resumen) | I3: ID Módulo / Código | J3: Sprint implementación | K3: Responsable desarrollo | L3: ID Caso de prueba | M3: Resultado prueba | N3: Fecha última prueba | O3: Estado actual | P3: RFC asociada | Q3: Última actualización | R3: Notas / Observaciones
A4: EPC-28 | B4: Asignación tratamiento nutricional | C4: Funcional | D4: NEG-DIA-01 | E4: Médico del Departamento de Nutrición | F4: No especificada | G4: No especificada | H4: CA1: muestra dietas asociadas en un único paso. | CA2: alerta inequívoca si contiene alimento incompatible/alérgeno. | CA3: ficha técnica sin perder contexto del paciente. | CA4: selección segura en menos de 90 segundos sin omitir alertas. | I4: DIA-COD-001 | J4: No especificado | K4: No especificado | M4: No ejecutado | O4: Pendiente de validación | R4: Fuente primaria: EPC 28 y criterios de aceptación del documento de prototipado. No se realizaron casos de prueba formales; la evidencia disponible es el prototipo y el repositorio de código. NEG-DIA-01 es una identificación interna derivada para organizar la matriz.
A6: Fuente documental | B6: Tarea_Prototipado(2).pdf — EPC 28 y CA1–CA4; Epicas(1).pdf — EPC 28.
A7: Limitación de verificación | B7: No se suministraron casos de prueba ni resultados de ejecución. Por ello no se marca el requisito como Verificado.

Sheet 🔗 Trazabilidad visual
A1: TRAZABILIDAD VISUAL — Requisitos × Artefactos
C2: Necesidades | G2: Casos de prueba | L2: Módulos código
A3: ID Req. | B3: Título (abrev.) | C3: NEG-DIA-01 | G3: Sin TC | L3: DIA-COD-001
A4: EPC-28 | B4: Asignación tratamiento nutricional | C4: ✓ | L4: ✓
A17: Cobertura total (%) | C17: =IFERROR(COUNTIF(C4:C4,"✓")/COUNTA($A$4:$A$4),"") | D17: =IFERROR(COUNTIF(D4:D4,"✓")/COUNTA($A$4:$A$4),"") | E17: =IFERROR(COUNTIF(E4:E4,"✓")/COUNTA($A$4:$A$4),"") | F17: =IFERROR(COUNTIF(F4:F4,"✓")/COUNTA($A$4:$A$4),"") | G17: =IFERROR(COUNTIF(G4:G4,"✓")/COUNTA($A$4:$A$4),"") | H17: =IFERROR(COUNTIF(H4:H4,"✓")/COUNTA($A$4:$A$4),"") | I17: =IFERROR(COUNTIF(I4:I4,"✓")/COUNTA($A$4:$A$4),"") | J17: =IFERROR(COUNTIF(J4:J4,"✓")/COUNTA($A$4:$A$4),"") | ... N17: =IFERROR(COUNTIF(N4:N4,"✓")/COUNTA($A$4:$A$4),"")
A18: Nota: no se realizaron casos de prueba formales; por eso no hay cobertura de pruebas marcada.

Sheet 📊 Resumen y métricas
A1: RESUMEN Y MÉTRICAS — Dashboard de trazabilidad
A2: Las métricas se calculan automáticamente a partir de la hoja '📋 Matriz principal'. Caso: Dietas al Día.
A4: Total requisitos | C4: Verificados | E4: En desarrollo | G4: Bloqueados / Fallidos | I4: Sin caso de prueba
A5: =COUNTA('📋 Matriz principal'!A4:A103) | C5: =COUNTIF('📋 Matriz principal'!O4:O103,"Verificado") | E5: =COUNTIF('📋 Matriz principal'!O4:O103,"En desarrollo") | G5: =COUNTIF('📋 Matriz principal'!O4:O103,"Bloqueado")+COUNTIF('📋 Matriz principal'!M4:M103,"Fallido") | I5: =COUNTIFS('📋 Matriz principal'!A4:A103,"<>",'📋 Matriz principal'!L4:L103,"")
A8: DISTRIBUCIÓN DE ESTADOS
A9: Propuesto | B9: Aprobado | C9: En desarrollo | D9: Implementado | E9: Verificado | F9: Aplazado | G9: Rechazado | H9: Archivado
A10: =COUNTIF('📋 Matriz principal'!O4:O103,"Propuesto") | B10: =COUNTIF('📋 Matriz principal'!O4:O103,"Aprobado") | C10: =COUNTIF('📋 Matriz principal'!O4:O103,"En desarrollo") | D10: =COUNTIF('📋 Matriz principal'!O4:O103,"Implementado") | E10: =COUNTIF('📋 Matriz principal'!O4:O103,"Verificado") | F10: =COUNTIF('📋 Matriz principal'!O4:O103,"Aplazado") | G10: =COUNTIF('📋 Matriz principal'!O4:O103,"Rechazado") | H10: =COUNTIF('📋 Matriz principal'!O4:O103,"Archivado")
A12: DISTRIBUCIÓN POR PRIORIDAD (MoSCoW)
A13: Must have | C13: Should have | E13: Could have | G13: Won't have
A14: =COUNTIF('📋 Matriz principal'!F4:F103,"Must have") | C14: =COUNTIF('📋 Matriz principal'!F4:F103,"Should have") | E14: =COUNTIF('📋 Matriz principal'!F4:F103,"Could have") | G14: =COUNTIF('📋 Matriz principal'!F4:F103,"Won't have")
A16: ALERTAS DE COBERTURA — Requisitos sin caso de prueba asignado
A17: ID Req. | B17: Título | C17: Prioridad | D17: Estado | E17: Responsable | F17: Sprint
A18: EPC-28 — Asignación tratamiento nutricional — Pendiente de validación — sin casos de prueba formales.

Sheet 📝 Registro de RFCs
A1: REGISTRO DE SOLICITUDES DE CAMBIO (RFC)
A2: ID RFC | B2: Título del cambio | C2: Solicitante | D2: Fecha solicitud | E2: Prioridad | F2: Requisito(s) afect. | G2: Artefactos impactados | H2: Decisión CCB | I2: Fecha decisión | J2: Responsable impl. | K2: Sprint impl. | L2: Estado RFC | M2: Notas
A3: No hay RFC registradas para Dietas al Día en los documentos suministrados.

Sheet 🗂️ Catálogo de artefactos
A1: CATÁLOGO DE ARTEFACTOS
A2: ID Artefacto | B2: Tipo | C2: Nombre / Descripción | D2: Versión actual | E2: Propietario | F2: Última actualización | G2: Requisitos vinculados
A3: DIA-REQ-028 | B3: Requisito | C3: EPC 28 — Asignación tratamiento nutricional | D3: 1.0 | E3: Equipo de proyecto | G3: EPC-28
A4: DIA-PROT-001 | B4: Documento de prototipado | C4: Tarea de prototipado — Dietas al Día | D4: 1.0 | E4: Equipo de proyecto | G4: EPC-28
A5: DIA-COD-001 | B5: Repositorio de código | C5: Prototipado_Sistema_Salud — código del prototipo | D5: 1.0 | E5: Equipo de proyecto | G5: EPC-28
A6: DIA-TC-001 | B6: Caso de prueba | C6: No existe caso de prueba formal para EPC-28 | D6: N/A | E6: No aplica | G6: EPC-28
A7: DIA-EPI-001 | B7: Documento de épicas/requisitos | C7: Epicas — Dietas al Día (EPC 28 y requisitos relacionados) | D7: 1.0 | E7: Equipo de proyecto | G7: EPC-28
